CLUES,Clave_Institucion,Institucion,Clave_Entidad,Entidad,CLAVE_MUNICIPIO,MUNICIPIO,CLAVE_LOCALIDAD,LOCALIDAD,NOMBRE_UNIDAD,LATITUD,LONGITUD,Observaciones
ASIST000016,IST,Instituto de Seguridad y Servicios Sociales para los Trabajadores del Estado,01,Aguascalientes,001,Aguascalientes,0001,Aguascalientes,HG Aguascalientes,21.901974,-102.307437,
ASSSA000025,SSA,Secretaria de Salud,01,Aguascalientes,001,Aguascalientes,0001,Aguascalientes,Centenario Hospital Miguel Hidalgo,21.875724,-102.296401,
ASSSA000030,SSA,Secretaria de Salud,01,Aguascalientes,001,Aguascalientes,0001,Aguascalientes,Hospital General Tercer Milenio,21.85606,-102.25563,
ASSSA000042,SSA,Secretaria de Salud,01,Aguascalientes,001,Aguascalientes,0001,Aguascalientes,Hospital de la Mujer,21.8568,-102.25279,
ASSSA000404,SSA,Secretaria de Salud,01,Aguascalientes,003,Calvillo,0001,Calvillo,Hospital General Calvillo,21.8485,-102.7034,
ASSSA000614,SSA,Secretaria de Salud,01,Aguascalientes,006,Pabellon de Arteaga,0001,Pabellon de Arteaga,Hospital General Pabellón de Arteaga,22.14987,-102.27952,
ASSSA000655,SSA,Secretaria de Salud,01,Aguascalientes,007,Rincon de Romos,0001,Rincon de Romos,Hospital General Rincón de Romos,22.2248,-102.3213,
ASSSA001331,SSA,Secretaria de Salud,01,Aguascalientes,001,Aguascalientes,0001,Aguascalientes,Centenario Hospital Miguel Hidalgo,21.8947,-102.2831,
BCSME000024,SME,Servicios Médicos Estatales,02,Baja California,002,Mexicali,0001,Mexicali,Hospital Issstecali Mexicali,32.633369,-115.471421,
BCSME000041,SME,Servicios Médicos Estatales,02,Baja California,004,Tijuana,0001,Tijuana,Hospital Issstecali Tijuana,32.530442,-117.092097,
BCSME000065,SME,Servicios Médicos Estatales,02,Baja California,001,Ensenada,0001,Ensenada,Hospital Issstecali Ensenada,31.851613,-116.614659,
BCSSA000015,SSA,Secretaria de Salud,02,Baja California,001,Ensenada,0001,Ensenada,Hospital General de Ensenada,31.825117,-116.600282,
BCSSA000440,SSA,Secretaria de Salud,02,Baja California,002,Mexicali,0001,Mexicali,Hospital General de Mexicali,32.644334,-115.476271,
BCSSA000855,SSA,Secretaria de Salud,02,Baja California,003,Tecate,0001,Tecate,Hospital General de Tecate,32.5575292,-116.6319713,
BCSSA000913,SSA,Secretaria de Salud,02,Baja California,004,Tijuana,0001,Tijuana,Hospital General Tijuana,32.5257079,-117.0094107,
BCSSA017590,SSA,Secretaria de Salud,02,Baja California,005,Playas de Rosarito,0001,Playas de Rosarito,Hospital General Playas de Rosarito,32.3636,-117.0554,
BCSSA018046,SSA,Secretaria de Salud,02,Baja California,002,Mexicali,0001,Mexicali,Hospital Materno Infantil,32.6239,-115.3756,
BSSSA000011,SSA,Secretaria de Salud,03,Baja California Sur,001,Comondu,0001,Ciudad Constitucion,Hospital General Rene Thomas Guijosa Habiff,25.0318044,-111.6745529,
BSSSA001213,SSA,Secretaria de Salud,03,Baja California Sur,003,La Paz,0001,La Paz,B. Hospital General con Especialidades Juan María de Salvatierra,24.113297,-110.318457,
CCSSA000100,SSA,Secretaria de Salud,04,Campeche,002,Campeche,0001,San Francisco de Campeche,Hospital Dr. Manuel Campos,19.844724,-90.532584,
CCSSA000363,SSA,Secretaria de Salud,04,Campeche,003,Carmen,0001,Ciudad del Carmen,H.G. Ma. Socorro Quiroga Aguilar,18.646634,-91.820543,
CCSSA017566,SSA,Secretaria de Salud,04,Campeche,002,Campeche,0001,San Francisco de Campeche,Ceo: Centro Estatal de Oncología de Campeche,19.817002,-90.525127,
CCSSA017670,SSA,Secretaria de Salud,04,Campeche,002,Campeche,0001,San Francisco de Campeche,Hospital General de Especialidades Dr. Javier Buenfil Osorio,19.815162,-90.523917,
CCSSA017682,SSA,Secretaria de Salud,04,Campeche,009,Escarcega,0001,Escarcega,Hospital General de Escarcega Dr. Janell Romero Aguilar,18.618552,-90.744511,
CHSSA000570,SSA,Secretaria de Salud,08,Chihuahua,017,Cuauhtemoc,0001,Cuauhtemoc,Hospital General Dr. Javier Ramírez Topete,28.41252,-106.85973,
CHSSA000640,SSA,Secretaria de Salud,08,Chihuahua,019,Chihuahua,0001,Chihuahua,Centro Estatal de Cancerologia,28.64931,-106.06925,
CHSSA000664,SSA,Secretaria de Salud,08,Chihuahua,019,Chihuahua,0001,Chihuahua,Hospital General Dr. Salvador Zubirán Anchondo,28.64927,-106.0704,
CHSSA000676,SSA,Secretaria de Salud,08,Chihuahua,019,Chihuahua,0001,Chihuahua,Hospital Central Del Estado,28.64416,-106.06492,
CHSSA001796,SSA,Secretaria de Salud,08,Chihuahua,037,Juarez,0001,Juarez,Hospital de la Mujer,31.736994,-106.45256,
CHSSA001801,SSA,Secretaria de Salud,08,Chihuahua,037,Juarez,0001,Juarez,Hospital General de Juárez,31.73783,-106.45639,
CHSSA018012,SSA,Secretaria de Salud,08,Chihuahua,037,Juarez,0001,Juarez,Hospital Infantil de Especialidades de Ciudad Juárez,31.73418,-106.4059,
CHSSA018514,SSA,Secretaria de Salud,08,Chihuahua,019,Chihuahua,0001,Chihuahua,Hospital Infantil de Especialidades de Chihuahua,28.62837,-106.03123,
CLHUN000020,HUN,Servicios Médicos Universitarios,05,Coahuila de Zaragoza,035,Torreon,0001,Torreon,Hospital Infantil Universitario,25.544495,-103.429765,
CLHUN000032,HUN,Servicios Médicos Universitarios,05,Coahuila de Zaragoza,035,Torreon,0001,Torreon,Hospital Universitario de Torreón,25.538398,-103.43801,
CLIST000106,IST,Instituto de Seguridad y Servicios Sociales para los Trabajadores del Estado,05,Coahuila de Zaragoza,030,Saltillo,0001,Saltillo,CMF Saltillo,25.4301686,-101.0116944,
CLSMP000053,SMP,Servicios Médicos Privados,05,Coahuila de Zaragoza,030,Saltillo,0001,Saltillo,Clínica Quirurgica la Concepcion,25.461606,-101.981311,
CLSMP000070,SMP,Servicios Médicos Privados,05,Coahuila de Zaragoza,035,Torreon,0001,Torreon,Beneficiencia Española de la Laguna,25.540679,-103.440255,
CLHUN000015,HUN,Servicios Médicos Universitarios,05,Coahuila de Zaragoza,030,Saltillo,0001,Saltillo,Hospital Universitario de Saltillo,25.427755,-101.014095,CLSMP997454
CLSSA000914,SSA,Secretaria de Salud,05,Coahuila de Zaragoza,025,Piedras Negras,0001,Piedras Negras,Centro de Salud Urbano de 03 Núcleos Mundo Nuevo de Piedras Negras,28.7099,-100.518,
CLSSA001136,SSA,Secretaria de Salud,05,Coahuila de Zaragoza,030,Saltillo,0001,Saltillo,Hospital Del Niño Dr. Federico Gómez Santos,25.4609,-100.9793,
CLSSA001614,SSA,Secretaria de Salud,05,Coahuila de Zaragoza,035,Torreon,0001,Torreon,Hospital General Torreón ( Baja ) ,25.551891,-103.439128,
CLSSA002466,SSA,Secretaria de Salud,05,Coahuila de Zaragoza,020,Muzquiz,0093,Palau,Hospital General Muzquiz,27.8853,-101.4344,
CLSSA002710,SSA,Secretaria de Salud,05,Coahuila de Zaragoza,018,Monclova,0001,Monclova,Hospital General Monclova Amparo Pape de Benavides,26.8957,-101.4426,
CLSSA002734,SSA,Secretaria de Salud,05,Coahuila de Zaragoza,030,Saltillo,0001,Saltillo,Hospital General de Saltillo,25.4117,-100.9588,
CLSSA002862,SSA,Secretaria de Salud,05,Coahuila de Zaragoza,035,Torreon,0001,Torreon,Hospital General Torreón,25.532979,-103.324888,
CMSMA000012,SMA,Secretaria de Marina,06,Colima,007,Manzanillo,0001,Manzanillo,Hospital Naval de Manzanillo,19.06712,-104.298616,
CMSSA000113,SSA,Secretaria de Salud,06,Colima,002,Colima,0001,Colima,Centro Estatal de Cancerología,19.2485,-103.7171,
CMSSA000125,SSA,Secretaria de Salud,06,Colima,002,Colima,0001,Colima,Hospital Regional Universitario,19.2581366,-103.6898378,
CMSSA001023,SSA,Secretaria de Salud,06,Colima,009,Tecoman,0001,Tecoman,Hospital General Tecomán Dr. José F. Rivas Guzmán,18.906326,-103.884075,
CMSSA001356,SSA,Secretaria de Salud,06,Colima,007,Manzanillo,0001,Manzanillo,Hospital General de Manzanillo,19.116565,-104.327259,
CMSSA010975,SSA,Secretaria de Salud,06,Colima,002,Colima,0001,Colima,Instituto Estatal de Cancerología Lic. Carlos de la Madrid Virgen,19.2206624,-103.7267644,
CMSSA011021,SSA,Secretaria de Salud,06,Colima,002,Colima,0001,Colima,Centro Estatal de Hemodialisis,19.221191,-103.727413,
CSIMS000362,IMS,Instituto Mexicano del Seguro Social,07,Chiapas,089,Tapachula,0001,Tapachula de Cordova y Ordoñez,Hospital General de Zona 1 Tapachula,14.911,-92.2753,
CSSSA001013,SSA,Secretaria de Salud,07,Chiapas,018,Coapilla,0016,Jose Maria Morelos y Pavon,José María Morelos y Pavón,17.073664,-93.132551,
CSSSA001030,SSA,Secretaria de Salud,07,Chiapas,019,Comitan de Dominguez,0001,Comitan de Dominguez,Hospital General María Ignacia Gandulfo Comitan,16.246124,-92.129627,
CSSSA005773,SSA,Secretaria de Salud,07,Chiapas,078,San Cristobal de Las Casas,0001,San Cristobal de las Casas,Hospital de la Mujer San Cristóbal de Las Casas,16.733136,-92.636849,
CSSSA006403,SSA,Secretaria de Salud,07,Chiapas,089,Tapachula,0001,Tapachula de Cordova y Ordoñez,Jurisdiccion Sanitaria Vii,14.886956,-92.290536,
CSSSA007540,SSA,Secretaria de Salud,07,Chiapas,101,Tuxtla Gutierrez,0001,Tuxtla Gutierrez,Hospital Regional Dr. Rafael Pascasio Gamboa Tuxtla,16.745825,-93.116884,
CSSSA008882,SSA,Secretaria de Salud,07,Chiapas,089,Tapachula,0001,Tapachula de Cordova y Ordoñez,Hospital Regional de Alta Especialidad Ciudad Salud,15.351201,-92.548768,
CSSSA008894,SSA,Secretaria de Salud,07,Chiapas,101,Tuxtla Gutierrez,0001,Tuxtla Gutierrez,Hospital de Especialidades Pediátricas,16.750663,-93.078047,
CSSSA018764,SSA,Secretaria de Salud,07,Chiapas,078,San Cristobal de Las Casas,0001,San Cristobal de las Casas,Hospital de Las Culturas San Cristobal de Las Casas,16.723703,-92.652269,
CSSSA018776,SSA,Secretaria de Salud,07,Chiapas,019,Comitan de Dominguez,0001,Comitan de Dominguez,Hospital de la Mujer Comitán,16.207545,-92.106986,
CSSSA018875,SSA,Secretaria de Salud,07,Chiapas,108,Villaflores,0001,Villaflores,Hospital General Bicentenario Villaflores,16.258402,-93.265141,
CSSSA019954,SSA,Secretaria de Salud,07,Chiapas,101,Tuxtla Gutierrez,0001,Tuxtla Gutierrez,Hospital Chiapas Nos Une Dr. Jesus Gilberto Gomez Maza,16.7484597,-93.0727995,
DFSMP000015,SMP,Servicios Médicos Privados,09,Ciudad de México,010,Alvaro Obregon,0001,Alvaro Obregon,"The American British Cowdray Medical Center, I.A.P. (Hospital Abc)",19.400054,-99.204129,
DFSMP000020,SMP,Servicios Médicos Privados,09,Ciudad de México,004,Cuajimalpa de Morelos,0001,Cuajimalpa de Morelos,"The American British Cowdray Medical Center, I.A.P. (Centro Médico Abc Santa Fe)",19.3573077,-99.281896,
DFSMP000090,SMP,Servicios Médicos Privados,09,Ciudad de México,015,Cuauhtemoc,0001,Cuauhtemoc, Inter Hosp. S.A. de C.V.,19.4056182,-99.1676582,
DFSMP000662,SMP,Servicios Médicos Privados,09,Ciudad de México,015,Cuauhtemoc,0001,Cuauhtemoc,Hospital San Angel Inn Chapultepec,19.4218349,-99.1729932,
DFSSA000840,SSA,Secretaria de Salud,09,Ciudad de México,005,Gustavo A. Madero,0001,Gustavo A. Madero,Hospital Pediátrico Villa,19.4870817,-99.114262,
DFSSA000864,SSA,Secretaria de Salud,09,Ciudad de México,005,Gustavo A. Madero,0001,Gustavo A. Madero,Hospital General de Ticomán,19.5145133,-99.1378196,
DFSSA000881,SSA,Secretaria de Salud,09,Ciudad de México,005,Gustavo A. Madero,0001,Gustavo A. Madero,Hospital General Villa,19.4806216,-99.1031447,
DFSSA001511,SSA,Secretaria de Salud,09,Ciudad de México,007,Iztapalapa,0001,Iztapalapa,Hospital Pediátrico Iztapalapa,19.3565418,-99.1075918,
DFSSA001540,SSA,Secretaria de Salud,09,Ciudad de México,007,Iztapalapa,0001,Iztapalapa,Hospital General Iztapalapa,19.3443153,-99.0274286,
DFSSA002066,SSA,Secretaria de Salud,09,Ciudad de México,009,Milpa Alta,0001,Villa Milpa Alta,Hospital General Milpa Alta,19.2009898,-99.0111074,
DFSSA002993,SSA,Secretaria de Salud,09,Ciudad de México,013,Xochimilco,0001,Xochimilco,Hospital Materno Pediátrico Xochimilco,19.2549659,-99.1045,
DFSSA003162,SSA,Secretaria de Salud,09,Ciudad de México,014,Benito Juarez,0001,Benito Juarez,Hospital General Xoco,19.3598136,-99.1632394,
DFSSA003536,SSA,Secretaria de Salud,09,Ciudad de México,016,Miguel Hidalgo,0001,Miguel Hidalgo,Hospital Pediátrico Tacubaya,19.4025483,-99.1908109,
DFSSA003541,SSA,Secretaria de Salud,09,Ciudad de México,016,Miguel Hidalgo,0001,Miguel Hidalgo,Hospital Pediátrico Legaria,19.4507251,-99.2028541,
DFSSA003553,SSA,Secretaria de Salud,09,Ciudad de México,016,Miguel Hidalgo,0001,Miguel Hidalgo,Hospital General Dr. Rubén Leñero,19.45112,-99.169315,
DFSSA003705,SSA,Secretaria de Salud,09,Ciudad de México,017,Venustiano Carranza,0001,Venustiano Carranza,Hospital Materno Infantil Inguarán,19.4806538,-99.1241371,
DFSSA003710,SSA,Secretaria de Salud,09,Ciudad de México,017,Venustiano Carranza,0001,Venustiano Carranza,Hospital Pediátrico Moctezuma,19.4329363,-99.0983267,
DFSSA003722,SSA,Secretaria de Salud,09,Ciudad de México,017,Venustiano Carranza,0001,Venustiano Carranza,Hospital General Balbuena,19.4242218,-99.1170464,
DFSSA003944,SSA,Secretaria de Salud,09,Ciudad de México,005,Gustavo A. Madero,0001,Gustavo A. Madero,Hospital Juárez de México,19.4821088,-99.1353896,
DFSSA003956,SSA,Secretaria de Salud,09,Ciudad de México,012,Tlalpan,0001,Tlalpan,Instituto Nacional de Rehabilitación Luis Guillermo Ibarra Ibarra,19.2893218,-99.1490901,
DFSSA003961,SSA,Secretaria de Salud,09,Ciudad de México,012,Tlalpan,0001,Tlalpan,Hospital General Dr. Manuel Gea González,19.2908463,-99.1611811,
DFSSA003973,SSA,Secretaria de Salud,09,Ciudad de México,015,Cuauhtemoc,0001,Cuauhtemoc,Hospital General de México “Dr. Eduardo Liceaga”,19.414719,-99.1151055,
DFSSA003990,SSA,Secretaria de Salud,09,Ciudad de México,015,Cuauhtemoc,0001,Cuauhtemoc,Hospital Nacional Homeopático,19.4224891,-99.1357615,
DFSSA004002,SSA,Secretaria de Salud,09,Ciudad de México,016,Miguel Hidalgo,0001,Miguel Hidalgo,Hospital de la Mujer,19.4511198,-99.1697823,
DFSSA004031,SSA,Secretaria de Salud,09,Ciudad de México,012,Tlalpan,0001,Tlalpan,Instituto Nacional de Cardiología Ignacio Chávez,19.291019,-99.153707,
DFSSA004265,SSA,Secretaria de Salud,09,Ciudad de México,007,Iztapalapa,0001,Iztapalapa,Hospital de Especialidades de la Ciudad de Mexico Dr. Belisario Domínguez,19.3066411,-99.0660984,
DFSSA005011,SSA,Secretaria de Salud,09,Ciudad de México,012,Tlalpan,0027,San Miguel Topilejo,Hospital General Topilejo,19.1990194,-99.1415403,
DFSSA017886,SSA,Secretaria de Salud,09,Ciudad de México,010,Alvaro Obregon,0001,Alvaro Obregon,Hospital General Dr. Enrique Cabrera,19.3618836,-99.2240659,
DFSSA018154,SSA,Secretaria de Salud,09,Ciudad de México,011,Tlahuac,0001,Tlahuac,Hospital General Tláhuac,19.287391,-99.052743,
DFSSA018166,SSA,Secretaria de Salud,09,Ciudad de México,012,Tlalpan,0001,Tlalpan,Hospital General Ajusco Medio,19.2718124,-99.2074896,
DGSSA000186,SSA,Secretaria de Salud,10,Durango,005,Durango,0001,Victoria de Durango,Centro Estatal de Cancerología,24.031029,-104.641413,
DGSSA000191,SSA,Secretaria de Salud,10,Durango,005,Durango,0001,Victoria de Durango,Hospital General de Durango,24.03097,-104.672935,
DGSSA000676,SSA,Secretaria de Salud,10,Durango,007,Gomez Palacio,0001,Gomez Palacio,Hospital General de Gómez Palacio,24.5062,-104.088,
DGSSA002414,SSA,Secretaria de Salud,10,Durango,007,Gomez Palacio,0642,Bugambilia (Maria Cristina) [Granja],Hospital Nuevo Gomez Palacio,24.1028,-105.931,
DGSSA017761,SSA,Secretaria de Salud,10,Durango,012,Lerdo,0001,Lerdo,Hospital General Lerdo,25.5316521,-103.5327646,
DGSSA017872,SSA,Secretaria de Salud,10,Durango,005,Durango,0001,Victoria de Durango,Hospital General 450,24.0554637,-104.6411711,
GRIST000025,IST,Instituto de Seguridad y Servicios Sociales para los Trabajadores del Estado,12,Guerrero,001,Acapulco de Juarez,0001,Acapulco de Juarez,HG Acapulco,16.8729366,-99.8873537,
GRSSA000034,SSA,Secretaria de Salud,12,Guerrero,001,Acapulco de Juarez,0001,Acapulco de Juarez,Hosp. Gral. Renacimiento,16.89961,-99.827546,
GRSSA003686,SSA,Secretaria de Salud,12,Guerrero,029,Chilpancingo de Los Bravo,0001,Chilpancingo de Los Bravo,Hospital Gral. Dr. Raymundo A. Alarcon,17.605738,-99.52115,
GRSSA004753,SSA,Secretaria de Salud,12,Guerrero,038,Zihuatanejo de Azueta,0001,Zihuatanejo,Dr. Bernardo Sepulveda Gutiérrez,17.648613,-101.549035,
GRSSA009916,SSA,Secretaria de Salud,12,Guerrero,066,Tlapa de Comonfort,0001,Tlapa de Comonfort,Hospital de la Madre y El Niño Indigena Guerrerense,17.543476,-98.58937,
GRSSA009921,SSA,Secretaria de Salud,12,Guerrero,029,Chilpancingo de Los Bravo,0001,Chilpancingo de Los Bravo,Hospital de la Madre y El Niño Guerrerense,17.525232,-99.49196,
GRSSA009945,SSA,Secretaria de Salud,12,Guerrero,001,Acapulco de Juarez,0129,Los Organos de San Agustin (El Quemado),Hospital General de Acapulco,16.930872,-99.82064,
GRSSA009950,SSA,Secretaria de Salud,12,Guerrero,075,Eduardo Neri,0001,Zumpango del Rio,Hospital General Dr. Raymundo Abarca Alarcón,17.605384,-99.520921,
GRSSA010061,SSA,Secretaria de Salud,12,Guerrero,022,Coyuca de Catalan,0001,Coyuca de Catalan,Hospital General Regional Dr. Guillermo Soberón Acevedo,18.334646,-100.712317,
GRSSA011782,SSA,Secretaria de Salud,12,Guerrero,001,Acapulco de Juarez,0001,Acapulco de Juarez,Instituto Estatal de Cancerología,16.873562,-99.886388,
GRSSA012535,SSA,Secretaria de Salud,12,Guerrero,055,Taxco de Alarcon,0001,Taxco de Alarcon,HG Adolfo Prieto,18.566141,-99.6050986,
GRIMB008890,IMB,Servicios de Salud IMSS Bienestar ,12,Guerrero,066,Tlapa de Comonfort,0001,Tlapa de Comonfort,Hospital de la Madre y El Niño Indigena Guerrerense,17.543476,-98.58937,GRSSA997449
GTSMP000021,SMP,Servicios Médicos Privados,11,Guanajuato,020,Leon,0001,Leon de Los Aldama,Hospital Medica Campestre,21.150194,-101.687806,
GTSMP002285,SMP,Servicios Médicos Privados,11,Guanajuato,020,Leon,0001,Leon de Los Aldama,Hospital Angeles Leon,21.1577813,-101.7010591,
GTSMP003002,SMP,Servicios Médicos Privados,11,Guanajuato,020,Leon,0001,Leon de Los Aldama,Hospital Médicas Brisas,21.1087898,-101.5912801,
GTSSA000310,SSA,Secretaria de Salud,11,Guanajuato,003,San Miguel de Allende,0001,San Miguel de Allende,Hospital General San Miguel de Allende ¨Dr. Felipe G. Dobarganes¨,20.908667,-100.7194633,
GTSSA000766,SSA,Secretaria de Salud,11,Guanajuato,007,Celaya,0001,Celaya,Hospital General Celaya,20.5254826,-100.8465147,
GTSSA001290,SSA,Secretaria de Salud,11,Guanajuato,014,Dolores Hidalgo Cuna de La Independencia Nacional,0001,Dolores Hidalgo Cuna de La Independencia Nacional,Hospital General Dolores Hidalgo ¨Cuna de la Independencia Nacional¨,21.134072,-100.933072,
GTSSA001454,SSA,Secretaria de Salud,11,Guanajuato,015,Guanajuato,0001,Guanajuato,Hospital General Guanajuato ´´Dr. Valentin Gracia´´,20.9808248,-101.2891727,
GTSSA001652,SSA,Secretaria de Salud,11,Guanajuato,017,Irapuato,0001,Irapuato,Hospital General Irapuato,20.6867669,-101.356959,
GTSSA002096,SSA,Secretaria de Salud,11,Guanajuato,020,Leon,0001,Leon de Los Aldama,Hospital de Especialidad Materno Infantil de Leon,21.122632,-101.71659,
GTSSA002101,SSA,Secretaria de Salud,11,Guanajuato,020,Leon,0001,Leon de Los Aldama,Hospital Estatal de Atencion Al Covid-19,21.1326569,-101.6801866,
GTSSA002760,SSA,Secretaria de Salud,11,Guanajuato,023,Penjamo,0001,Penjamo,Hospital General Penjamo,20.43369,-101.70734,
GTSSA003233,SSA,Secretaria de Salud,11,Guanajuato,027,Salamanca,0001,Salamanca,Hospital General Salamanca,20.5910019,-101.2189954,
GTSSA003361,SSA,Secretaria de Salud,11,Guanajuato,028,Salvatierra,0001,Salvatierra,Hospital General Salvatierra,,,
GTSSA004003,SSA,Secretaria de Salud,11,Guanajuato,033,San Luis de La Paz,0001,San Luis de La Paz,Hospital General San Luis de la Paz,21.279336,-100.495877,
GTSSA004650,SSA,Secretaria de Salud,11,Guanajuato,041,Uriangato,0001,Uriangato,Hospital General Uriangato,20.151585,-101.1711937,
GTSSA005683,SSA,Secretaria de Salud,11,Guanajuato,020,Leon,0001,Leon de Los Aldama,Hospital General Leon,21.06002,-101.56666,
GTSSA016796,SSA,Secretaria de Salud,11,Guanajuato,020,Leon,0001,Leon de Los Aldama,Hospital Regional de Alta Especialidad Del Bajío,21.0613651,-101.5767015,
GTSSA016912,SSA,Secretaria de Salud,11,Guanajuato,032,San Jose Iturbide,0001,San Jose Iturbide,Hospital General San Jose Iturbide,20.9896335,-100.3928316,
GTSSA017023,SSA,Secretaria de Salud,11,Guanajuato,037,Silao de La Victoria,0001,Silao de La Victoria,Hospital General Silao,20.953521,-101.4101,
GTSSA017274,SSA,Secretaria de Salud,11,Guanajuato,020,Leon,0001,Leon de Los Aldama,Uneme Enfermedades Cronicas Leon,21.086127,-101.6255912,
GTSSA017315,SSA,Secretaria de Salud,11,Guanajuato,027,Salamanca,0001,Salamanca,Centro Estatal de Cuidados Criticos Salamanca,20.5816539,-101.1972891,
GTSSA017385,SSA,Secretaria de Salud,11,Guanajuato,042,Valle de Santiago,0001,Valle de Santiago,Hospital General Valle de Santiago,20.39747,-101.2197473,
GTSSA017414,SSA,Secretaria de Salud,11,Guanajuato,002,Acambaro,0001,Acambaro,Hospital General Acambaro Miguel Hidalgo,20.0477671,-100.7509829,
GTSSA017472,SSA,Secretaria de Salud,11,Guanajuato,033,San Luis de La Paz,0001,San Luis de La Paz,Hospital Materno de San Luis de la Paz,21.29133,-100.6001,
GTSSA017525,SSA,Secretaria de Salud,11,Guanajuato,020,Leon,0001,Leon de Los Aldama,Hospital de Especialidades  Pediatrico Leon,21.126333,-101.597076,
GTSSA017530,SSA,Secretaria de Salud,11,Guanajuato,007,Celaya,0001,Celaya,Hospital Materno Celaya,20.491704,-100.835913,
GTSSA017542,SSA,Secretaria de Salud,11,Guanajuato,017,Irapuato,0001,Irapuato,Hospital Materno Infantil Irapuato,20.6781312,-101.3028108,
HGSSA001590,SSA,Secretaria de Salud,13,Hidalgo,030,Ixmiquilpan,0001,Ixmiquilpan,Hospital General Del Valle Del Mezquital Ixmiquilpan,20.433787,-99.155446,
HGSSA002430,SSA,Secretaria de Salud,13,Hidalgo,048,Pachuca de Soto,0001,Pachuca de Soto,Hospital General Pachuca,20.11376,-98.722855,
HGSSA004093,SSA,Secretaria de Salud,13,Hidalgo,077,Tulancingo de Bravo,0001,Tulancingo,Hospital General Tulancingo,20.076992,-98.373163,
HGSSA015520,SSA,Secretaria de Salud,13,Hidalgo,028,Huejutla de Reyes,0001,Huejutla de Reyes,Hospital General de la Huasteca,21.1046,-98.4237,
HGSSA015532,SSA,Secretaria de Salud,13,Hidalgo,076,Tula de Allende,0001,Tula de Allende,Hospital General Tula,20.040681,-99.342061,
HGSSA018000,SSA,Secretaria de Salud,13,Hidalgo,056,Santiago Tulantepec de Lugo Guerrero,0016,Paxtepec,Hospital General de Tulancingo,20.062166,-98.440731,
JCIMS000313,IMS,Instituto Mexicano del Seguro Social,14,Jalisco,039,Guadalajara,0001,Guadalajara,Hgo Cmn Occidente,20.6840008,-103.327732,
JCSMP000050,SMP,Servicios Médicos Privados,14,Jalisco,039,Guadalajara,0001,Guadalajara,Hospital Terranova S.A. de C.V.,20.6851117,-103.3868607,
JCSMP000132,SMP,Servicios Médicos Privados,14,Jalisco,039,Guadalajara,0001,Guadalajara,Hospital Del Country S.A. de C.V.,20.7037355,-103.3648075,
JCSMP000243,SMP,Servicios Médicos Privados,14,Jalisco,120,Zapopan,0001,Zapopan,Hospital de Especialidades Puerta de Hierro,20.7080695,-103.4148797,
JCSMP000284,SMP,Servicios Médicos Privados,14,Jalisco,097,Tlajomulco de Zuñiga,0001,Tlajomulco de Zuñiga,Hospital Puerta de Hierro Sur S.A. de C.V.,20.5888725,-103.4438715,
JCSMP000704,SMP,Servicios Médicos Privados,14,Jalisco,039,Guadalajara,0001,Guadalajara,Hospital Santa Margarita S.A. de C.V.,20.681084,-103.3578457,
JCSSA001326,SSA,Secretaria de Salud,14,Jalisco,023,Zapotlan El Grande,0001,Ciudad Guzman,Hospital Regional de Cd. Guzmán,19.6979126,-103.4784518,
JCSSA001401,SSA,Secretaria de Salud,14,Jalisco,024,Cocula,0001,Cocula,Hospital Regional Cocula,20.3751089,-103.8193508,
JCSSA002195,SSA,Secretaria de Salud,14,Jalisco,039,Guadalajara,0001,Guadalajara,Antiguo Hospital Civil de Guadalajara Fray Antonio Alcalde,20.715989,-103.3546516,
JCSSA002212,SSA,Secretaria de Salud,14,Jalisco,039,Guadalajara,0001,Guadalajara,Hospital Materno Infantil Esperanza López Mateos,20.66269,-103.35097,
JCSSA002224,SSA,Secretaria de Salud,14,Jalisco,039,Guadalajara,0001,Guadalajara,Nuevo Hospital Civil de Guadalajara Dr. Juan I. Menchaca,20.686965,-103.3340768,
JCSSA003250,SSA,Secretaria de Salud,14,Jalisco,053,Lagos de Moreno,0001,Lagos de Moreno,Oficinas Administrativas Región Sanitaria Lagos de Moreno,21.3557362,-101.9340752,
JCSSA003496,SSA,Secretaria de Salud,14,Jalisco,055,Magdalena,0001,Magdalena,Hospital Regional de Magdalena,20.9102284,-103.9695064,
JCSSA004230,SSA,Secretaria de Salud,14,Jalisco,067,Puerto Vallarta,0001,Puerto Vallarta,Hospital Regional de Puerto Vallarta,20.6693868,-105.2101656,
JCSSA005584,SSA,Secretaria de Salud,14,Jalisco,093,Tepatitlan de Morelos,0001,Tepatitlan de Morelos,Hospital Regional de Tepatitlán,20.811779,-102.779729,
JCSSA007066,SSA,Secretaria de Salud,14,Jalisco,120,Zapopan,0001,Zapopan,Hospital General de Occidente,20.7181313,-103.369547,
JCSSA007836,SSA,Secretaria de Salud,14,Jalisco,039,Guadalajara,0001,Guadalajara,Unidad Especializada En Atención Obstétrica y Cuidados Neonatales Guadalajara,20.71758,-103.31121,
JCSSA009364,SSA,Secretaria de Salud,14,Jalisco,050,Jocotepec,0002,Chantepec (El Chante),Hospital Comunitario de Jocotepec,20.293422,-103.4019161,
JCSSA013050,SSA,Secretaria de Salud,14,Jalisco,083,Tala,0001,Tala,Unidad Especializada En Atención Obstétrica y Cuidados Neonatales Tala,20.6539424,-103.7100341,
JCSSA013091,SSA,Secretaria de Salud,14,Jalisco,078,San Miguel El Alto,0001,San Miguel El Alto,Unidad Especializada En Atención Obstétrica y Cuidados Neonatales San Miguel El Alto,21.038151,-102.405613,
JCSSA013815,SSA,Secretaria de Salud,14,Jalisco,018,La Barca,0001,La Barca,Hospital Regional de la Barca,20.301222,-102.553586,
MCSME000011,SME,Servicios Médicos Estatales,15,México,106,Toluca,0001,Toluca de Lerdo,Hospital Para El Niño Imiem,19.2716018,-99.6607604,
MCSME000723,SME,Servicios Médicos Estatales,15,México,120,Zumpango,0001,Zumpango de Ocampo,"Hospital Regional Zumpango, Issemym",19.799562,-99.087241,
MCSME000764,SME,Servicios Médicos Estatales,15,México,106,Toluca,0001,Toluca de Lerdo,"Centro Oncológico Estatal, Issemym",19.268693,-99.653118,
MCSME000781,SME,Servicios Médicos Estatales,15,México,014,Atlacomulco,0001,Atlacomulco de Fabela,"Hospital Regional Atlacomulco, Issemym",19.7902,-99.8743,
MCSME000851,SME,Servicios Médicos Estatales,15,México,058,Nezahualcoyotl,0001,Ciudad Nezahualcoyotl,"Hospital Regional Nezahualcóyotl, Issemym",19.3862357,-99.0111074,
MCSME000916,SME,Servicios Médicos Estatales,15,México,106,Toluca,0001,Toluca de Lerdo,"Hospital Materno Infantil, Issemym",19.303823,-99.626624,
MCSME000921,SME,Servicios Médicos Estatales,15,México,054,Metepec,0001,Metepec,"Centro Médico Issemym Lic. Arturo Montiel Rojas, Issemym",19.285464,-99.585755,
MCSME000986,SME,Servicios Médicos Estatales,15,México,106,Toluca,0001,Toluca de Lerdo,Hospital de Ginecología y Obstetricía Imiem,19.2725574,-99.6610153,
MCSME001114,SME,Servicios Médicos Estatales,15,México,110,Valle de Bravo,0001,Valle de Bravo,"Hospital Regional Valle de Bravo Nicolás Bravo Bicentenario, Issemym",19.2030821,-100.1359229,
MCSMP000010,SMP,Servicios Médicos Privados,15,México,057,Naucalpan de Juarez,0001,Naucalpan de Juarez,Corporativo Hospital Satélite S.A. de C.V.,19.5138453,-99.2373819,
MCSSA001636,SSA,Secretaria de Salud,15,México,024,Cuautitlan,0001,Cuautitlan,H.G. José Vicente Villada,19.664501,-99.178701,
MCSSA001682,SSA,Secretaria de Salud,15,México,025,Chalco,0001,Chalco de Diaz Covarrubias,Hospital General de Chalco,19.2680187,-98.8936991,
MCSSA002184,SSA,Secretaria de Salud,15,México,033,Ecatepec de Morelos,0001,Ecatepec de Morelos,H.G. Dr. José María Rodríguez,19.5145331,-99.0381083,
MCSSA004074,SSA,Secretaria de Salud,15,México,057,Naucalpan de Juarez,0001,Naucalpan de Juarez,H.G. Dr. Maximiliano Ruíz Castañeda,19.468121,-99.234602,
MCSSA005730,SSA,Secretaria de Salud,15,México,082,Tejupilco,0001,Tejupilco de Hidalgo,Hospital General Miguel Hidalgo y Costilla Bicentenario,18.90351,-100.15848,
MCSSA006430,SSA,Secretaria de Salud,15,México,088,Tenancingo,0001,Tenancingo de Degollado,H.G. Tenancingo,18.961405,-99.585693,
MCSSA007661,SSA,Secretaria de Salud,15,México,106,Toluca,0001,Toluca de Lerdo,H.G. Dr. Nicolás San Juan,19.316095,-99.636675,
MCSSA007673,SSA,Secretaria de Salud,15,México,106,Toluca,0001,Toluca de Lerdo,Hospital Materno Perinatal Mónica Pretelini Sáenz,19.27244,-99.656937,
MCSSA010053,SSA,Secretaria de Salud,15,México,045,Jilotepec,0001,Jilotepec de Molina Enriquez,H.G. Jilotepec,19.954759,-99.547046,
MCSSA010222,SSA,Secretaria de Salud,15,México,106,Toluca,0001,Toluca de Lerdo,Centro Médico Lic. Adolfo López Mateos,19.319684,-99.633146,
MCSSA010251,SSA,Secretaria de Salud,15,México,040,Ixtapan de La Sal,0013,El Salitre,Hospital General Ixtapan de la Sal,18.81888,-99.668328,
MCSSA010280,SSA,Secretaria de Salud,15,México,033,Ecatepec de Morelos,0001,Ecatepec de Morelos,Hospital General Las Américas,19.5936922,-99.0188783,
MCSSA010292,SSA,Secretaria de Salud,15,México,058,Nezahualcoyotl,0001,Ciudad Nezahualcoyotl,Hospital General la Perla Nezahualcoyotl,19.387644,-98.989264,
MCSSA010345,SSA,Secretaria de Salud,15,México,109,Tultitlan,0025,San Pablo de las Salinas,Hospital General Tultitlan San Pablo de Las Salinas,19.6768501,-99.0927601,
MCSSA018412,SSA,Secretaria de Salud,15,México,099,Texcoco,0001,Texcoco de Mora,H.G. Texcoco Guadalupe Victoria Bicentenario,19.514057,-98.871977,
MCSSA018733,SSA,Secretaria de Salud,15,México,013,Atizapan de Zaragoza,0001,Ciudad Lopez Mateos,Hospital Materno Infantil Guadalupe Victoria Atizapán de Zaragoza,19.5973,-99.263184,
MCSSA018774,SSA,Secretaria de Salud,15,México,120,Zumpango,0001,Zumpango de Ocampo,Hospital Regional de Alta Especialidad de Zumpango,19.814534,-99.088196,
MCSSA018786,SSA,Secretaria de Salud,15,México,039,Ixtapaluca,0017,Zoquiapan,Hospital Regional de Alta Especialidad Ixtapaluca,19.3186644,-98.855389,
MNSSA000170,SSA,Secretaria de Salud,16,Michoacán de Ocampo,006,Apatzingan,0001,Apatzingan de La Constitucion,HG Ramón Ponce Álvarez,19.0934441,-102.3539507,
MNSSA001862,SSA,Secretaria de Salud,16,Michoacán de Ocampo,053,Morelia,0001,Morelia,Hospital de la Mujer,19.692886,-101.154067,
MNSSA001874,SSA,Secretaria de Salud,16,Michoacán de Ocampo,053,Morelia,0001,Morelia,HG Infantil Eva Samano de López Mateos,19.6994961,-101.1810636,
MNSSA001886,SSA,Secretaria de Salud,16,Michoacán de Ocampo,053,Morelia,0001,Morelia,Centro Estatal de Atencion Oncologica,19.6999058,-101.1825135,
MNSSA001891,SSA,Secretaria de Salud,16,Michoacán de Ocampo,053,Morelia,0001,Morelia,HG Dr. Miguel Silva,19.6993648,-101.1832415,
MNSSA003735,SSA,Secretaria de Salud,16,Michoacán de Ocampo,102,Uruapan,0001,Uruapan,Hospital General Dr. Pedro Daniel Martínez,19.390541,-102.024055,
MNSSA003945,SSA,Secretaria de Salud,16,Michoacán de Ocampo,108,Zamora,0001,Zamora de Hidalgo,Hospital General Zamora,19.989744,-102.279183,
MNSSA005345,SSA,Secretaria de Salud,16,Michoacán de Ocampo,053,Morelia,0287,El Ejido de Atapaneo,"Hospital General ""Dr Miguel Silva""",19.731491,-101.105271,
MNSSA005456,SSA,Secretaria de Salud,16,Michoacán de Ocampo,053,Morelia,0287,El Ejido de Atapaneo,"Hospital Infantil ""Eva Samano de López Mateos""",19.732402,-101.102766,
MNSSA016533,SSA,Secretaria de Salud,16,Michoacán de Ocampo,069,La Piedad,0001,La Piedad de Cabadas,Hospital General la Piedad,20.319359,-102.018441,
MNSSA017400,SSA,Secretaria de Salud,16,Michoacán de Ocampo,006,Apatzingan,0001,Apatzingan de La Constitucion,Hospital General Apatzingan,19.064998,-102.325361,
MSSSA000454,SSA,Secretaria de Salud,17,Morelos,007,Cuernavaca,0001,Cuernavaca,Unidad de Especialidades Médicas,18.9367,-99.232,
MSSSA000466,SSA,Secretaria de Salud,17,Morelos,007,Cuernavaca,0001,Cuernavaca,HG de Cuernavaca Dr. Jose G. Parres,18.9359,-99.2335,
MSSSA000961,SSA,Secretaria de Salud,17,Morelos,012,Jojutla,0001,Jojutla,HG de Jojutla Dr. Ernesto Meana San Román,18.6177,-99.1907,
MSSSA002361,SSA,Secretaria de Salud,17,Morelos,029,Yautepec,0001,Yautepec de Zaragoza,Hospital de la Mujer,18.8838,-99.08,
MSSSA002373,SSA,Secretaria de Salud,17,Morelos,018,Temixco,0001,Temixco,Hospital General de Temixco,18.8368311,-99.2390247,
NLSDN000012,SDN,Secretaria de La Defensa Nacional,19,Nuevo León,039,Monterrey,0001,Monterrey,"Hospital Militar Regional de Especialidades de Monterrey, N. L.",25.72083,-100.313153,
NLSSA004046,SSA,Secretaria de Salud,19,Nuevo León,046,San Nicolas de Los Garza,0001,San Nicolas de Los Garza,Hospital Metropolitano,25.714085,-100.274404,
NLSSA014295,SSA,Secretaria de Salud,19,Nuevo León,026,Guadalupe,0001,Guadalupe,Hospital Regional Materno Infantil,25.694464,-100.223444,
NTSSA001594,SSA,Secretaria de Salud,18,Nayarit,017,Tepic,0001,Tepic,Hospital Civil Dr. Antonio González Guevara,21.5010461,-104.897629,
NTSSA002084,SSA,Secretaria de Salud,18,Nayarit,020,Bahia de Banderas,0081,San Francisco,Hospital General San Francisco,20.9007233,-105.4103064,
NTSSA002212,SSA,Secretaria de Salud,18,Nayarit,017,Tepic,0001,Tepic,Centro Estatal de Cancerología,21.5013648,-104.8973839,
OCSSA000985,SSA,Secretaria de Salud,20,Oaxaca,067,Oaxaca de Juarez,0001,Oaxaca de Juarez,HG Oaxaca Dr. Aurelio Valdivieso,17.0820483,-96.7181727,
OCSSA001463,SSA,Secretaria de Salud,20,Oaxaca,115,San Bartolo Coyotepec,0001,San Bartolo Coyotepec,He de la Niñez Oaxaqueña,16.9465851,-96.71092,
OCSSA002146,SSA,Secretaria de Salud,20,Oaxaca,184,San Juan Bautista Tuxtepec,0001,San Juan Bautista Tuxtepec,HG Tuxtepec,18.0873646,-96.1294493,
OCSSA007483,SSA,Secretaria de Salud,20,Oaxaca,115,San Bartolo Coyotepec,0001,San Bartolo Coyotepec,Hospital Regional de Alta Especialidad de Oaxaca,16.948091,-96.713217,
PLHUN000010,HUN,Servicios Médicos Universitarios,21,Puebla,114,Puebla,0001,Heroica Puebla de Zaragoza,Hospital Universitario de Puebla,19.0400009,-98.2133055,
PLSME000020,SME,Servicios Médicos Estatales,21,Puebla,114,Puebla,0001,Heroica Puebla de Zaragoza,Hospital Para El Niño Poblano,19.0453,-98.1975,
PLSMP002493,SMP,Servicios Médicos Privados,21,Puebla,114,Puebla,0001,Heroica Puebla de Zaragoza,Christus Muguerza Sistemas Hospitalarios S.A de C.V Hospital Betania,19.034002,-98.1880554,
PLSMP002732,SMP,Servicios Médicos Privados,21,Puebla,114,Puebla,0001,Heroica Puebla de Zaragoza,Operadora de Hospitales Angeles Sa de Cv,19.0215172,-98.2355929,
PLSSA002490,SSA,Secretaria de Salud,21,Puebla,114,Puebla,0001,Heroica Puebla de Zaragoza,Hospital General Dr Eduardo Vazquez N,18.9862587,-98.2421342,
PLSSA005710,SSA,Secretaria de Salud,21,Puebla,114,Puebla,0001,Heroica Puebla de Zaragoza,Hospital de la Mujer,18.9860572,-98.2408335,
PLSSA005821,SSA,Secretaria de Salud,21,Puebla,114,Puebla,0001,Heroica Puebla de Zaragoza,Unidad de Oncología,18.9853523,-98.241914,
PLSSA008485,SSA,Secretaria de Salud,21,Puebla,174,Teziutlan,0001,Teziutlan,Hospital General de Teziutlán,19.8219503,-97.3769416,
PLSSA009394,SSA,Secretaria de Salud,21,Puebla,114,Puebla,0001,Heroica Puebla de Zaragoza,Hospital de Traumatología y Ortopedia Doctor y General Rafael Moreno Valle,19.0866662,-98.1987049,
PLSSA015230,SSA,Secretaria de Salud,21,Puebla,114,Puebla,0001,Heroica Puebla de Zaragoza,Hospital General de la Zona Norte  Bicentenario de la Independencia,19.079308,-98.1852166,
PLSSA015534,SSA,Secretaria de Salud,21,Puebla,114,Puebla,0001,Heroica Puebla de Zaragoza,Unidad de Quemados (Anexo Al Hospital Del Niño Poblano),19.0345283,-98.2437793,
QRSSA000023,SSA,Secretaria de Salud,23,Quintana Roo,002,Felipe Carrillo Puerto,0001,Felipe Carrillo Puerto,Hospital General Felipe Carrillo Puerto,19.571196,-88.0457058,
QRSSA000361,SSA,Secretaria de Salud,23,Quintana Roo,004,Othon P. Blanco,0001,Chetumal,Hospital Materno Infantil Morelos,18.502269,-88.298131,
QRSSA000373,SSA,Secretaria de Salud,23,Quintana Roo,004,Othon P. Blanco,0001,Chetumal,Hospital General de Chetumal,18.517,-88.304,
QRSSA001044,SSA,Secretaria de Salud,23,Quintana Roo,005,Benito Juarez,0001,Cancun,Hospital General de Cancun Dr. Jesús Kumate Rodríguez,21.1764,-86.826,
QRSSA018001,SSA,Secretaria de Salud,23,Quintana Roo,008,Solidaridad,0001,Playa del Carmen,Hospital General de Playa Del Carmen,20.6448025,-87.0949994,
QRSSA018062,SSA,Secretaria de Salud,23,Quintana Roo,005,Benito Juarez,0001,Cancun,Hospital General de Cancún Dr Jesus Kumate Rodriguez,21.19531,-86.87687,
QTSSA000475,SSA,Secretaria de Salud,22,Querétaro,004,Cadereyta de Montes,0001,Cadereyta de Montes,Hospital General Cadereyta,20.7006297,-99.8156506,
QTSSA001052,SSA,Secretaria de Salud,22,Querétaro,009,Jalpan de Serra,0001,Jalpan de Serra,Hospital General Jalpan,21.218638,-99.476997,
QTSSA001740,SSA,Secretaria de Salud,22,Querétaro,014,Queretaro,0001,Santiago de Queretaro,Hospital de Especialidades Del Niño y la Mujer Dr. Felipe Nuñez Lara,20.5783411,-100.3703179,
QTSSA001752,SSA,Secretaria de Salud,22,Querétaro,014,Queretaro,0001,Santiago de Queretaro,Hospital General Queretaro,20.5797,-100.4053,
QTSSA002901,SSA,Secretaria de Salud,22,Querétaro,014,Queretaro,0001,Santiago de Queretaro,Hospital General de Queretaro,20.5747375,-100.4164841,
QTSSA012935,SSA,Secretaria de Salud,22,Querétaro,016,San Juan Del Rio,0001,San Juan del Rio,Hospital General San Juan Del Río,20.3774792,-99.9540374,
SLSME000016,SME,Servicios Médicos Estatales,25,Sinaloa,006,Culiacan,0001,Culiacan Rosales,Hospital Civil de Culiacán,24.8197395,-107.3958806,
SLSME000021,SME,Servicios Médicos Estatales,25,Sinaloa,006,Culiacan,0001,Culiacan Rosales,Hospital Pediatrico,24.798775,-107.3994245,
SLSSA000024,SSA,Secretaria de Salud,25,Sinaloa,001,Ahome,0001,Los Mochis,Hospital General Los Mochis,25.7710931,-108.988561,
SLSSA000666,SSA,Secretaria de Salud,25,Sinaloa,006,Culiacan,0001,Culiacan Rosales,Hospital General Culiacán,24.7942929,-107.3866778,
SLSSA001540,SSA,Secretaria de Salud,25,Sinaloa,012,Mazatlan,0001,Mazatlan,Hospital General de Mazatlán,23.2383,-106.4,
SLSSA002556,SSA,Secretaria de Salud,25,Sinaloa,006,Culiacan,0001,Culiacan Rosales,Hospital Pediátrico de Sinaloa,24.798775,-107.3994245,
SLSSA002585,SSA,Secretaria de Salud,25,Sinaloa,012,Mazatlan,0001,Mazatlan,Hospital General de Mazatlán,23.2919,-106.4527,
SLSSA017606,SSA,Secretaria de Salud,25,Sinaloa,006,Culiacan,0001,Culiacan Rosales,Hospital de la Mujer,24.795667,-107.450432,
SPSSA000356,SSA,Secretaria de Salud,24,San Luis Potosí,013,Ciudad Valles,0001,Ciudad Valles,Hospital General Cd. Valles,21.948257,-98.993798,
SPSSA000752,SSA,Secretaria de Salud,24,San Luis Potosí,020,Matehuala,0001,Matehuala,Jurisdicción Sanitaria No. Ii,23.655587,-100.642468,
SPSSA000945,SSA,Secretaria de Salud,24,San Luis Potosí,024,Rioverde,0001,Rioverde,Hospital General de Ríoverde,21.9196964,-99.9918851,
SPSSA001102,SSA,Secretaria de Salud,24,San Luis Potosí,028,San Luis Potosi,0001,San Luis Potosi,Hospital Central Dr. Ignacio Morones Prieto,22.147998,-101.014679,
SPSSA017301,SSA,Secretaria de Salud,24,San Luis Potosí,028,San Luis Potosi,0001,San Luis Potosi,Hospital Del Niño y la Mujer Dr. Alberto López Hermosa,22.116164,-100.98585,
SPSSA017313,SSA,Secretaria de Salud,24,San Luis Potosí,035,Soledad de Graciano Sanchez,0001,Soledad de Graciano Sanchez,Hospital General de Soledad de Graciano Sánchez,22.164571,-100.938266,
SRSME000011,SME,Servicios Médicos Estatales,26,Sonora,030,Hermosillo,0001,Hermosillo,Centro Médico Dr. Ignacio Chávez,29.096611,-110.954414,
SRSSA000562,SSA,Secretaria de Salud,26,Sonora,018,Cajeme,0001,Ciudad Obregon,Hospital General Cd. Obregón,27.4833703,-109.9548751,
SRSSA001105,SSA,Secretaria de Salud,26,Sonora,030,Hermosillo,0001,Hermosillo,Hospital Infantil Del Estado de Sonora,29.1163811,-110.9718024,
SRSSA001110,SSA,Secretaria de Salud,26,Sonora,030,Hermosillo,0001,Hermosillo,Hospital General Del Estado Dr. Ernesto Ramos Bours,29.0864,-110.9622,
TCSSA001040,SSA,Secretaria de Salud,27,Tabasco,004,Centro,0001,Villahermosa,"Hospital Regional de Alta Especialidad Del Niño ""Dr. Rodolfo Nieto Padrón""",17.977151,-92.952873,
TCSSA001052,SSA,Secretaria de Salud,27,Tabasco,004,Centro,0001,Villahermosa,Hospital Regional de Alta Especialidad Dr. Gustavo A. Rovirosa Pérez,18.0124021,-92.9242407,
TCSSA001064,SSA,Secretaria de Salud,27,Tabasco,004,Centro,0001,Villahermosa,Hospital Regional de Alta Especialidad Dr. Juan Graham Casasus,17.9788909,-92.9862357,
TCSSA001076,SSA,Secretaria de Salud,27,Tabasco,004,Centro,0001,Villahermosa,Hospital Regional de Alta Especialidad de la Mujer,17.976466,-92.95339,
TCSSA003922,SSA,Secretaria de Salud,27,Tabasco,012,Macuspana,0141,La Escalera,Hospital General de Villa Benito Juárez,17.8447,-92.5293,
TCSSA017420,SSA,Secretaria de Salud,27,Tabasco,005,Comalcalco,0001,Comalcalco,"Hospital General ""Dr. Desiderio G. Rosado Carbajal""",18.2662319,-93.2319501,
TLIST000042,IST,Instituto de Seguridad y Servicios Sociales para los Trabajadores del Estado,29,Tlaxcala,033,Tlaxcala,0012,San Gabriel Cuauhtla,HG Tlaxcala,19.310708,-98.2366517,
TLSSA001142,SSA,Secretaria de Salud,29,Tlaxcala,033,Tlaxcala,0001,Tlaxcala de Xicohtencatl,H.G. Tlaxcala de Xicohtencatl,19.318608,-98.2440385,
TLSSA001376,SSA,Secretaria de Salud,29,Tlaxcala,038,Tzompantepec,0002,San Andres Ahuashuatepec,H.G.R. Emilio Sánchez Piedras,19.408775,-98.1179722,
TLSSA002344,SSA,Secretaria de Salud,29,Tlaxcala,002,Apetatitlan de Antonio Carvajal,0003,San Matias Tepetomatitlan,Hospital General Tlaxcala Lic. Anselmo Cervantes Hernandez,19.3698807,-98.2164354,
TLSSA017645,SSA,Secretaria de Salud,29,Tlaxcala,002,Apetatitlan de Antonio Carvajal,0003,San Matias Tepetomatitlan,Hospital Infantil de Tlaxcala,19.3683333,-98.2113333,
TLSSA017831,SSA,Secretaria de Salud,29,Tlaxcala,006,Calpulalpan,0001,Heroica Ciudad de Calpulalpan,Hospital General de Calpulalpan,19.5825618,-98.5367416,
TLSSA017913,SSA,Secretaria de Salud,29,Tlaxcala,002,Apetatitlan de Antonio Carvajal,0003,San Matias Tepetomatitlan,Hospital de la Mujer,19.3687028,-98.2125199,
TLSSA017983,SSA,Secretaria de Salud,29,Tlaxcala,013,Huamantla,0001,Huamantla,Hospital General de Huamantla,19.3063,-97.9407917,
TSSSA000401,SSA,Secretaria de Salud,28,Tamaulipas,009,Ciudad Madero,0001,Ciudad Madero,Hospital General Civil Ciudad Madero,22.254024,-97.823416,
TSSSA001031,SSA,Secretaria de Salud,28,Tamaulipas,022,Matamoros,0001,Heroica Matamoros,HG Hospital General de Matamoros Dr. Alfredo Pumarejo,25.8690129,-97.4966096,
TSSSA001550,SSA,Secretaria de Salud,28,Tamaulipas,027,Nuevo Laredo,0001,Nuevo Laredo,Hospital General Nuevo Laredo,27.485904,-99.504271,
TSSSA001562,SSA,Secretaria de Salud,28,Tamaulipas,027,Nuevo Laredo,0001,Nuevo Laredo,Hospital General Civil Nuevo Laredo,27.493243,-99.531614,
TSSSA001772,SSA,Secretaria de Salud,28,Tamaulipas,032,Reynosa,0001,Reynosa,Hospital General Reynosa Dr. José María Cantú Garza,26.055749,-98.296918,
TSSSA002431,SSA,Secretaria de Salud,28,Tamaulipas,038,Tampico,0001,Tampico,HG Hospital General Tampico Dr. Carlos Canseco,22.252634,-97.8597915,
TSSSA002793,SSA,Secretaria de Salud,28,Tamaulipas,041,Victoria,0001,Ciudad Victoria,Hospital Infantil de Tamaulipas,23.721794,-99.163718,
TSSSA002805,SSA,Secretaria de Salud,28,Tamaulipas,041,Victoria,0001,Ciudad Victoria,Hospital General Civil Victoria Dr. José Macías Hernández,23.728095,-99.157253,
TSSSA002810,SSA,Secretaria de Salud,28,Tamaulipas,041,Victoria,0001,Ciudad Victoria,Hospital General Dr. Norberto Treviño Zapata,23.748326,-99.137855,
TSSSA003732,SSA,Secretaria de Salud,28,Tamaulipas,022,Matamoros,0001,Heroica Matamoros,Hospital General de Matamoros,25.827131,-97.532805,
TSSSA005151,SSA,Secretaria de Salud,28,Tamaulipas,038,Tampico,0001,Tampico,Hospital General de Tampico Dr. Carlos Canseco,22.253176,-97.859497,
TSSSA018000,SSA,Secretaria de Salud,28,Tamaulipas,021,El Mante,0001,Ciudad Mante,Hospital General de Cd. Mante Dr. Emilio Martínez Manautou,22.727022,-98.969549,
TSSSA018070,SSA,Secretaria de Salud,28,Tamaulipas,032,Reynosa,0001,Reynosa,Hospital General Materno Infantil de Reynosa,26.050745,-98.379484,
TSSSA018292,SSA,Secretaria de Salud,28,Tamaulipas,041,Victoria,0001,Ciudad Victoria,Hospital Regional de Alta Especialidad En Cd Victoria Bicentenario 2010,23.761924,-99.107735,
TSSSA018514,SSA,Secretaria de Salud,28,Tamaulipas,003,Altamira,0203,Santa Amalia,Hospital General Altamira Dr Rodolfo Torre Cantú,22.460086,-97.976746,
TSSSA018526,SSA,Secretaria de Salud,28,Tamaulipas,033,Rio Bravo,0001,Ciudad Rio Bravo,Hospital General Río Bravo,25.994527,-98.123613,
TSSSA018951,SSA,Secretaria de Salud,28,Tamaulipas,040,Valle Hermoso,0001,Valle Hermoso,Hospital General Valle Hermoso Dr. Rodolfo Torre Cantù,25.701958,-97.815852,
VZSMA000040,SMA,Secretaria de Marina,30,Veracruz de Ignacio de La Llave,193,Veracruz,0001,Veracruz,Hospital Naval de Especialidades de Veracruz,19.2004237,-96.1315607,
VZSSA001150,SSA,Secretaria de Salud,30,Veracruz de Ignacio de La Llave,039,Coatzacoalcos,0001,Coatzacoalcos,Hospital Regional de Coatzacoalcos Dr.Valentin Gómez Farias,18.144901,-94.4244,
VZSSA002953,SSA,Secretaria de Salud,30,Veracruz de Ignacio de La Llave,087,Xalapa,0001,Xalapa-Enriquez,Centro Estatal de Cancerología Dr. Miguel Dorantes Mesa,19.544702,-96.923411,
VZSSA002965,SSA,Secretaria de Salud,30,Veracruz de Ignacio de La Llave,087,Xalapa,0001,Xalapa-Enriquez,Centro de Alta Especialidad  Dr. Rafael Lucio,19.551728,-96.935888,
VZSSA004860,SSA,Secretaria de Salud,30,Veracruz de Ignacio de La Llave,138,Rio Blanco,0001,Rio Blanco,Hospital Regional Río Blanco,18.83506,-97.12501,
VZSSA006972,SSA,Secretaria de Salud,30,Veracruz de Ignacio de La Llave,193,Veracruz,0001,Veracruz,Hospital de Alta Especialidad de Veracruz,19.18562,-96.1321,
VZSSA010212,SSA,Secretaria de Salud,30,Veracruz de Ignacio de La Llave,028,Boca Del Rio,0001,Boca del Rio,Hospital General de  Boca Del Rio,19.10332,-96.108657,
VZSSA016035,SSA,Secretaria de Salud,30,Veracruz de Ignacio de La Llave,160,Alamo Temapache,0001,Alamo,Hospital General Álamo,20.88483,-97.6537,
YNIST000030,IST,Instituto de Seguridad y Servicios Sociales para los Trabajadores del Estado,31,Yucatán,050,Merida,0001,Merida,Hr/Hae Mérida,20.9956642,-89.6401182,
YNSDN000014,SDN,Secretaria de La Defensa Nacional,31,Yucatán,050,Merida,0001,Merida,"Hospital Militar Regional de Especialidades de Mérida, Yuc.",20.97082,-89.6434,
YNSMP000056,SMP,Servicios Médicos Privados,31,Yucatán,050,Merida,0001,Merida,Clínica de Mérida Sa de Cv,20.9863793,-89.6389544,
YNSMP000281,SMP,Servicios Médicos Privados,31,Yucatán,050,Merida,0001,Merida,Star Medica,21.0155987,-89.5848048,
YNSMP000322,SMP,Servicios Médicos Privados,31,Yucatán,050,Merida,0001,Merida,Instituto Médico Panamericano / Cma,20.9678,-89.6217,
YNSSA000565,SSA,Secretaria de Salud,31,Yucatán,050,Merida,0001,Merida,Hospital General Dr. Agustin O´Horán,20.9752422,-89.6407516,
YNSSA001224,SSA,Secretaria de Salud,31,Yucatán,096,Tizimin,0001,Tizimin,Hospital General San Carlos,21.1340346,-88.1506375,
YNSSA013423,SSA,Secretaria de Salud,31,Yucatán,050,Merida,0001,Merida,Hospital Regional de Alta Especialidad de la Península de Yucatán,21.0193421,-89.5819034,
YNSSA013440,SSA,Secretaria de Salud,31,Yucatán,102,Valladolid,0001,Valladolid,Hospital General de Valladolid,20.7088887,-88.1895839,
ZSSDN000016,SDN,Secretaria de La Defensa Nacional,32,Zacatecas,017,Guadalupe,0001,Guadalupe,"Hospital Militar de Zona de Guadalupe, Zac.",22.74923,-102.50257,
ZSSSA000152,SSA,Secretaria de Salud,32,Zacatecas,010,Fresnillo,0001,Fresnillo,Hospital General Fresnillo (Dr. José Haro Ávila),23.17238,-102.912707,
ZSSSA012450,SSA,Secretaria de Salud,32,Zacatecas,017,Guadalupe,0001,Guadalupe,Hospital de la Mujer,22.744225,-102.500206,
ZSSSA013143,SSA,Secretaria de Salud,32,Zacatecas,056,Zacatecas,0001,Zacatecas,Hospital General Zacatecas Luz González Cosio,22.778268,-102.619871,
